{"skipped bibcodes": [], "basic stats": {"number of papers": 34, "normalized paper count": 4.375348678034101, "total number of reads": 5462, "average number of reads": 160.64705882352942, "median number of reads": 136.5, "recent number of reads": 1010, "total number of downloads": 2376, "average number of downloads": 69.88235294117646, "median number of downloads": 51.5, "recent number of downloads": 443}, "basic stats refereed": {"number of papers": 33, "normalized paper count": 4.208682011367434, "total number of reads": 5452, "average number of reads": 165.21212121212122, "median number of reads": 139.0, "recent number of reads": 1000, "total number of downloads": 2372, "average number of downloads": 71.87878787878788, "median number of downloads": 55.0, "recent number of downloads": 439}, "citation stats": {"number of citing papers": 332, "number of self-citations": 124, "self-citations": ["2025arXiv250419883S", "2024ApJ...970....7S", "2024MNRAS.529.3971M", "2022PSJ.....3..212S", "2024ApJ...970....7S", "2022MNRAS.517.2383B", "2022PSJ.....3..261C", "2024PSJ.....5...64V", "2022PSJ.....3..211T", "2022PSJ.....3..214S", "2023PSJ.....4...68C", "2023GMD....16..621M", "2023GMD....16.5601S", "2024MNRAS.529.1776Z", "2024RASTI...3..691K", "2025MNRAS.537.3027K", "2025arXiv250419883S", "2024MNRAS.529.3971M", "2022PSJ.....3..212S", "2024ApJ...970....7S", "2022MNRAS.517.2383B", "2022PSJ.....3..261C", "2025arXiv250419883S", "2024PSJ.....5...64V", "2022PSJ.....3..213F", "2022PSJ.....3..214S", "2022ApJ...930..152C", "2023PSJ.....4...68C", "2023GMD....16..621M", "2023GMD....16.5601S", "2025MNRAS.539.1381M", "2025MNRAS.537.3027K", "2025arXiv250419883S", "2021QJRMS.147..691R", "2021JCli...34.4567T", "2023GMD....16.5601S", "2023PSJ.....4...68C", "2025arXiv250419883S", "2023GMD....16.5601S", "2022MNRAS.517.2383B", "2023PSJ.....4...68C", "2025arXiv250419883S", "2021JCli...34.4567T", "2023JGRD..12839343M", "2024MNRAS.529.3971M", "2023GMD....16.5601S", "2025arXiv250419883S", "2024MNRAS.529.3971M", "2022PSJ.....3..212S", "2020ApJ...894...84S", "2025arXiv250419883S", "2020A&A...639A..99E", "2022PSJ.....3..214S", "2023GMD....16.5601S", "2023GMD....16.5601S", "2022PSJ.....3..212S", "2022PSJ.....3..211T", "2022PSJ.....3..213F", "2022PSJ.....3..214S", "2023PSJ.....4...68C", "2024RASTI...3..691K", "2024MNRAS.529.3971M", "2023GMD....16..621M", "2024ApJ...970....7S", "2022MNRAS.517.2383B", "2022PSJ.....3..261C", "2025arXiv250419883S", "2024PSJ.....5...64V", "2022PSJ.....3..211T", "2022PSJ.....3..213F", "2023JGRD..12837544E", "2022PSJ.....3..214S", "2022ApJ...930..152C", "2023PSJ.....4...68C", "2023JGRD..12839343M", "2023GMD....16.5601S", "2025MNRAS.539.1381M", "2025MNRAS.537.3027K", "2024MNRAS.535..171P", "2024MNRAS.529.3971M", "2022PSJ.....3..212S", "2024ApJ...970....7S", "2022MNRAS.517.2383B", "2025arXiv250419883S", "2023JGRD..12837544E", "2022PSJ.....3..214S", "2021PSJ.....2..106F", "2023PSJ.....4...68C", "2023GMD....16..621M", "2023GMD....16.5601S", "2025arXiv250419883S", "2025MNRAS.539.1381M", "2024MNRAS.529.3971M", "2025arXiv250419883S", "2023JGRD..12839343M", "2024MNRAS.529.3971M", "2025arXiv250419883S", "2024PSJ.....5...64V", "2023GMD....16.5601S", "2021QJRMS.147..691R", "2018MWRv..146.3325S", "2021JCli...34.4567T", "2020ApJ...894...84S", "2021JCli...34.4567T", "2024MNRAS.529.3971M", "2022PSJ.....3..212S", "2024ApJ...970....7S", "2025arXiv250419883S", "2022PSJ.....3..211T", "2023PSJ.....4...68C", "2023GMD....16.5601S", "2023GMD....16..621M", "2022PSJ.....3..212S", "2024ApJ...970....7S", "2022MNRAS.517.2383B", "2025arXiv250419883S", "2020A&A...639A..99E", "2022PSJ.....3..211T", "2023JGRD..12837544E", "2022PSJ.....3..214S", "2022ApJ...930..152C", "2021PSJ.....2..106F", "2023PSJ.....4...68C", "2023GMD....16.5601S"], "total number of citations": 637, "average number of citations": 18.735294117647058, "median number of citations": 12.0, "normalized number of citations": 73.84927089108675, "total number of refereed citations": 581, "average number of refereed citations": 17.08823529411765, "median number of refereed citations": 8.5, "normalized number of refereed citations": 68.8722581837032}, "citation stats refereed": {"number of citing papers": 332, "number of self-citations": 124, "total number of citations": 637, "average number of citations": 19.303030303030305, "median number of citations": 12.0, "normalized number of citations": 73.84927089108675, "total number of refereed citations": 581, "average number of refereed citations": 17.606060606060606, "median number of refereed citations": 9.0, "normalized number of refereed citations": 68.8722581837032}, "histograms": {"publications": {"all publications": {"2014": 1, "2015": 0, "2016": 1, "2017": 1, "2018": 2, "2019": 1, "2020": 3, "2021": 3, "2022": 7, "2023": 5, "2024": 7, "2025": 3}, "refereed publications": {"2014": 1, "2015": 0, "2016": 1, "2017": 1, "2018": 2, "2019": 1, "2020": 3, "2021": 3, "2022": 7, "2023": 5, "2024": 7, "2025": 2}, "all publications normalized": {"2014": 0.5, "2015": 0, "2016": 0.047619047619047616, "2017": 0.25, "2018": 0.5333333333333333, "2019": 0.015151515151515152, "2020": 0.5166666666666666, "2021": 0.4252450980392157, "2022": 0.6656926406926407, "2023": 0.5839285714285714, "2024": 0.5871290545203589, "2025": 0.2505827505827506}, "refereed publications normalized": {"2014": 0.5, "2015": 0, "2016": 0.047619047619047616, "2017": 0.25, "2018": 0.5333333333333333, "2019": 0.015151515151515152, "2020": 0.5166666666666666, "2021": 0.4252450980392157, "2022": 0.6656926406926407, "2023": 0.5839285714285714, "2024": 0.5871290545203589, "2025": 0.08391608391608392}}, "reads": {"all reads": {"1996": 0, "1997": 0, "1998": 0, "1999": 0, "2000": 0, "2001": 0, "2002": 0, "2003": 0, "2004": 0, "2005": 0, "2006": 0, "2007": 0, "2008": 0, "2009": 0, "2010": 0, "2011": 0, "2012": 0, "2013": 0, "2014": 0, "2015": 0, "2016": 1, "2017": 0, "2018": 3, "2019": 5, "2020": 314, "2021": 500, "2022": 879, "2023": 998, "2024": 1752, "2025": 1010}, "all reads normalized": {"1996": 0.0, "1997": 0.0, "1998": 0.0, "1999": 0.0, "2000": 0.0, "2001": 0.0, "2002": 0.0, "2003": 0.0, "2004": 0.0, "2005": 0.0, "2006": 0.0, "2007": 0.0, "2008": 0.0, "2009": 0.0, "2010": 0.0, "2011": 0.0, "2012": 0.0, "2013": 0.0, "2014": 0.0, "2015": 0.0, "2016": 0.047619047619047616, "2017": 0.0, "2018": 0.6, "2019": 0.9803030303030303, "2020": 46.41818181818182, "2021": 38.44887636872931, "2022": 82.93644321364911, "2023": 92.94262159409219, "2024": 136.46885569673296, "2025": 68.1194629148913}, "refereed reads": {"1996": 0, "1997": 0, "1998": 0, "1999": 0, "2000": 0, "2001": 0, "2002": 0, "2003": 0, "2004": 0, "2005": 0, "2006": 0, "2007": 0, "2008": 0, "2009": 0, "2010": 0, "2011": 0, "2012": 0, "2013": 0, "2014": 0, "2015": 0, "2016": 1, "2017": 0, "2018": 3, "2019": 5, "2020": 314, "2021": 500, "2022": 879, "2023": 998, "2024": 1752, "2025": 1000}, "refereed reads normalized": {"1996": 0.0, "1997": 0.0, "1998": 0.0, "1999": 0.0, "2000": 0.0, "2001": 0.0, "2002": 0.0, "2003": 0.0, "2004": 0.0, "2005": 0.0, "2006": 0.0, "2007": 0.0, "2008": 0.0, "2009": 0.0, "2010": 0.0, "2011": 0.0, "2012": 0.0, "2013": 0.0, "2014": 0.0, "2015": 0.0, "2016": 0.047619047619047616, "2017": 0.0, "2018": 0.6, "2019": 0.9803030303030303, "2020": 46.41818181818182, "2021": 38.44887636872931, "2022": 82.93644321364911, "2023": 92.94262159409219, "2024": 136.46885569673296, "2025": 66.45279624822463}}, "downloads": {"all downloads": {"1996": 0, "1997": 0, "1998": 0, "1999": 0, "2000": 0, "2001": 0, "2002": 0, "2003": 0, "2004": 0, "2005": 0, "2006": 0, "2007": 0, "2008": 0, "2009": 0, "2010": 0, "2011": 0, "2012": 0, "2013": 0, "2014": 0, "2015": 0, "2016": 0, "2017": 0, "2018": 0, "2019": 0, "2020": 136, "2021": 213, "2022": 391, "2023": 422, "2024": 771, "2025": 443}, "all downloads normalized": {"1996": 0.0, "1997": 0.0, "1998": 0.0, "1999": 0.0, "2000": 0.0, "2001": 0.0, "2002": 0.0, "2003": 0.0, "2004": 0.0, "2005": 0.0, "2006": 0.0, "2007": 0.0, "2008": 0.0,