{"skipped bibcodes": [], "basic stats": {"number of papers": 38, "normalized paper count": 4.616018636095362, "total number of reads": 6862, "average number of reads": 180.57894736842104, "median number of reads": 147.5, "recent number of reads": 172, "total number of downloads": 3012, "average number of downloads": 79.26315789473684, "median number of downloads": 50.5, "recent number of downloads": 67}, "basic stats refereed": {"number of papers": 37, "normalized paper count": 4.577557097633823, "total number of reads": 6822, "average number of reads": 184.3783783783784, "median number of reads": 156.0, "recent number of reads": 164, "total number of downloads": 2994, "average number of downloads": 80.91891891891892, "median number of downloads": 51.0, "recent number of downloads": 62}, "citation stats": {"number of citing papers": 399, "number of self-citations": 146, "self-citations": ["2025MNRAS.542.1873M", "2024MNRAS.529.3971M", "2022PSJ.....3..212S", "2023PSJ.....4...68C", "2025MNRAS.541.3155S", "2022PSJ.....3..211T", "2023GMD....16.5601S", "2024ApJ...970....7S", "2023JGRD..12837544E", "2022MNRAS.517.2383B", "2020A&A...639A..99E", "2022PSJ.....3..212S", "2023GMD....16..621M", "2023PSJ.....4...68C", "2022PSJ.....3..214S", "2025MNRAS.541.3155S", "2022PSJ.....3..211T", "2023GMD....16.5601S", "2024ApJ...970....7S", "2021PSJ.....2..106F", "2022ApJ...930..152C", "2025MNRAS.542.1873M", "2025MNRAS.541.3155S", "2025arXiv251116142L", "2024ApJ...970....7S", "2024MNRAS.529.1776Z", "2024MNRAS.529.3971M", "2022PSJ.....3..261C", "2022MNRAS.517.2383B", "2024PSJ.....5...64V", "2022PSJ.....3..212S", "2023GMD....16..621M", "2023PSJ.....4...68C", "2022PSJ.....3..214S", "2022PSJ.....3..211T", "2023GMD....16.5601S", "2024ApJ...970....7S", "2025arXiv251116142L", "2025MNRAS.542.1873M", "2025MNRAS.537.3027K", "2024RASTI...3..691K", "2025MNRAS.543.2442A", "2025MNRAS.541.3155S", "2022PSJ.....3..213F", "2024MNRAS.529.3971M", "2022PSJ.....3..261C", "2022MNRAS.517.2383B", "2024PSJ.....5...64V", "2022PSJ.....3..212S", "2025arXiv251116142L", "2023GMD....16..621M", "2023PSJ.....4...68C", "2022PSJ.....3..214S", "2025MNRAS.541.3155S", "2023GMD....16.5601S", "2024ApJ...970....7S", "2022ApJ...930..152C", "2025MNRAS.539.1381M", "2025MNRAS.543.2442A", "2025MNRAS.537.3027K", "2026MNRAS.tmp..132C", "2025MNRAS.541.3155S", "2021JCli...34.4567T", "2021QJRMS.147..691R", "2025MNRAS.543.2442A", "2023GMD....16.5601S", "2023PSJ.....4...68C", "2025MNRAS.541.3155S", "2023GMD....16.5601S", "2023PSJ.....4...68C", "2025MNRAS.541.3155S", "2022MNRAS.517.2383B", "2021JCli...34.4567T", "2023JGRD..12839343M", "2025MNRAS.542.1873M", "2024MNRAS.529.3971M", "2025MNRAS.541.3155S", "2023GMD....16.5601S", "2020ApJ...894...84S", "2024MNRAS.529.3971M", "2020A&A...639A..99E", "2022PSJ.....3..212S", "2022PSJ.....3..214S", "2025MNRAS.541.3155S", "2023GMD....16.5601S", "2022PSJ.....3..213F", "2022PSJ.....3..212S", "2024RASTI...3..691K", "2023PSJ.....4...68C", "2022PSJ.....3..214S", "2022PSJ.....3..211T", "2023GMD....16.5601S", "2025arXiv251116142L", "2023JGRD..12839343M", "2022PSJ.....3..213F", "2023JGRD..12837544E", "2024MNRAS.529.3971M", "2022PSJ.....3..261C", "2022MNRAS.517.2383B", "2024PSJ.....5...64V", "2025arXiv251116142L", "2023GMD....16..621M", "2023PSJ.....4...68C", "2022PSJ.....3..214S", "2025MNRAS.541.3155S", "2022PSJ.....3..211T", "2023GMD....16.5601S", "2024ApJ...970....7S", "2022ApJ...930..152C", "2025MNRAS.537.3027K", "2026MNRAS.tmp..132C", "2024MNRAS.535..171P", "2025MNRAS.543.2442A", "2025MNRAS.539.1381M", "2023JGRD..12837544E", "2024MNRAS.529.3971M", "2022MNRAS.517.2383B", "2022PSJ.....3..212S", "2023GMD....16..621M", "2023PSJ.....4...68C", "2022PSJ.....3..214S", "2025MNRAS.541.3155S", "2023GMD....16.5601S", "2024ApJ...970....7S", "2021PSJ.....2..106F", "2025MNRAS.541.3155S", "2025MNRAS.539.1381M", "2025MNRAS.543.2442A", "2025MNRAS.542.1873M", "2025MNRAS.541.3155S", "2024MNRAS.529.3971M", "2023JGRD..12839343M", "2025MNRAS.542.1873M", "2025MNRAS.541.3155S", "2024MNRAS.529.3971M", "2025MNRAS.542.1873M", "2025MNRAS.541.3155S", "2023GMD....16.5601S", "2024PSJ.....5...64V", "2025arXiv251116142L", "2021JCli...34.4567T", "2021QJRMS.147..691R", "2018MWRv..146.3325S", "2020ApJ...894...84S", "2026MNRAS.tmp..132C", "2021JCli...34.4567T"], "total number of citations": 769, "average number of citations": 20.236842105263158, "median number of citations": 14.0, "normalized number of citations": 86.40159270255178, "total number of refereed citations": 703, "average number of refereed citations": 18.5, "median number of refereed citations": 12.5, "normalized number of refereed citations": 80.95238933061822}, "citation stats refereed": {"number of citing papers": 399, "number of self-citations": 146, "total number of citations": 769, "average number of citations": 20.783783783783782, "median number of citations": 14.0, "normalized number of citations": 86.40159270255178, "total number of refereed citations": 703, "average number of refereed citations": 19.0, "median number of refereed citations": 13.0, "normalized number of refereed citations": 80.95238933061822}, "histograms": {"publications": {"all publications": {"2014": 1, "2015": 0, "2016": 1, "2017": 1, "2018": 2, "2019": 1, "2020": 3, "2021": 3, "2022": 7, "2023": 5, "2024": 7, "2025": 6, "2026": 1}, "refereed publications": {"2014": 1, "2015": 0, "2016": 1, "2017": 1, "2018": 2, "2019": 1, "2020": 3, "2021": 3, "2022": 7, "2023": 5, "2024": 7, "2025": 5, "2026": 1}, "all publications normalized": {"2014": 0.5, "2015": 0, "2016": 0.047619047619047616, "2017": 0.25, "2018": 0.5333333333333333, "2019": 0.015151515151515152, "2020": 0.5166666666666666, "2021": 0.4252450980392157, "2022": 0.6656926406926407, "2023": 0.5839285714285714, "2024": 0.5871290545203589, "2025": 0.44363366102496526, "2026": 0.047619047619047616}, "refereed publications normalized": {"2014": 0.5, "2015": 0, "2016": 0.047619047619047616, "2017": 0.25, "2018": 0.5333333333333333, "2019": 0.015151515151515152, "2020": 0.5166666666666666, "2021": 0.4252450980392157, "2022": 0.6656926406926407, "2023": 0.5839285714285714, "2024": 0.5871290545203589, "2025": 0.40517212256342683, "2026": 0.047619047619047616}}, "reads": {"all reads": {"1996": 0, "1997": 0, "1998": 0, "1999": 0, "2000": 0, "2001": 0, "2002": 0, "2003": 0, "2004": 0, "2005": 0, "2006": 0, "2007": 0, "2008": 0, "2009": 0, "2010": 0, "2011": 0, "2012": 0, "2013": 0, "2014": 0, "2015": 0, "2016": 1, "2017": 0, "2018": 3, "2019": 5, "2020": 314, "2021": 500, "2022": 879, "2023": 998, "2024": 1752, "2025": 2238, "2026": 172}, "all reads normalized": {"1996": 0.0, "1997": 0.0, "1998": 0.0, "1999": 0.0, "2000": 0.0, "2001": 0.0, "2002": 0.0, "2003": 0.0, "2004": 0.0, "2005": 0.0, "2006": 0.0, "2007": 0.0, "2008": 0.0, "2009": 0.0, "2010": 0.0, "2011": 0.0, "2012": 0.0, "2013": 0.0, "2014": 0.0, "2015": 0.0, "2016": 0.047619047619047616, "2017": 0.0, "2018": 0.6, "2019": 0.9803030303030302, "2020": 46.418181818181814, "2021": 38.44887636872931, "2022": 82.93644321364911, "2023": 92.94262159409217, "2024": 136.46885569673296, "2025": 159.18890887458662, "2026": 12.672404339763675}, "refereed reads": {"1996": 0, "1997": 0, "1998": 0, "1999": 0, "2000": 0, "2001": 0, "2002": 0, "2003": 0, "2004": 0, "2005": 0, "2006": 0, "2007": 0, "2008": 0, "2009": 0, "2010": 0, "2011": 0, "2012": 0, "2013": 0, "2014": 0, "2015": 0, "2016": 1, "2017": 0, "2018": 3, "2019": 5, "2020": 314, "2021": 500, "2022": 879, "2023": 998, "2024": 1752, "2025": 2206, "2026": 164}, "refereed reads normalized": {"1996": 0.0, "1997": 0.0, "1998": 0.0, "1999": 0.0, "2000": 0.0, "2001": 0.0, "2002": 0.0, "2003": 0.0, "2004": 0.0, "2005": 0.0, "2006": 0.0, "2007": 0.0, "2008": 0.0, "2009": 0.0, "2010": 0.0, "2011": 0.0, "2012": 0.0, "2013": 0.0, "2014": 0.0, "2015": 0.0, "2016": 0.047619047619047616, "2017": 0.0, "2018": 0.6, "2019": 0.9803030303030302, "2020": 46.418181818181814, "2021": 38.44887636872931, "2022": 82.93644321364911, "2023": 92.94262159409217,