{"skipped bibcodes": [], "basic stats": {"number of papers": 22, "normalized paper count": 3.350136872930991, "total number of reads": 2008, "average number of reads": 91.27272727272727, "median number of reads": 37.5, "recent number of reads": 306, "total number of downloads": 881, "average number of downloads": 40.04545454545455, "median number of downloads": 14.5, "recent number of downloads": 141}, "basic stats refereed": {"number of papers": 20, "normalized paper count": 3.0787083015024193, "total number of reads": 1965, "average number of reads": 98.25, "median number of reads": 59.0, "recent number of reads": 285, "total number of downloads": 863, "average number of downloads": 43.15, "median number of downloads": 25.5, "recent number of downloads": 131}, "citation stats": {"number of citing papers": 139, "number of self-citations": 63, "self-citations": ["2021JCli...34.4567T", "2021QJRMS.147..691R", "2021JCli...34.4567T", "2022arXiv221111887C", "2022arXiv221111887C", "2022PSJ.....3..211T", "2022PSJ.....3..212S", "2022ApJ...930..152C", "2021PSJ.....2..106F", "2022MNRAS.517.2383B", "2020A&A...639A..99E", "2023GMD....16..621M", "2022PSJ.....3..211T", "2022PSJ.....3..212S", "2023arXiv230212518E", "2022PSJ.....3..214S", "2022arXiv221111887C", "2022MNRAS.517.2383B", "2021JCli...34.4567T", "2022PSJ.....3..261C", "2022MNRAS.517.2383B", "2023GMD....16..621M", "2022PSJ.....3..211T", "2022PSJ.....3..212S", "2022PSJ.....3..214S", "2022arXiv221111887C", "2020ApJ...894...84S", "2020A&A...639A..99E", "2022PSJ.....3..212S", "2022PSJ.....3..214S", "2022PSJ.....3..211T", "2022PSJ.....3..212S", "2022PSJ.....3..214S", "2022arXiv221111887C", "2022PSJ.....3..213F", "2022ApJ...930..152C", "2022PSJ.....3..261C", "2022MNRAS.517.2383B", "2023GMD....16..621M", "2022PSJ.....3..212S", "2022PSJ.....3..214S", "2022arXiv221111887C", "2022PSJ.....3..213F", "2022ApJ...930..152C", "2022PSJ.....3..261C", "2022MNRAS.517.2383B", "2023GMD....16..621M", "2022PSJ.....3..211T", "2023arXiv230212518E", "2022PSJ.....3..214S", "2022arXiv221111887C", "2022PSJ.....3..213F", "2021PSJ.....2..106F", "2022MNRAS.517.2383B", "2023GMD....16..621M", "2022PSJ.....3..212S", "2023arXiv230212518E", "2022PSJ.....3..214S", "2022arXiv221111887C", "2020ApJ...894...84S", "2021QJRMS.147..691R", "2018MWRv..146.3325S", "2021JCli...34.4567T"], "total number of citations": 242, "average number of citations": 11.0, "median number of citations": 9.0, "normalized number of citations": 32.95536032594856, "total number of refereed citations": 213, "average number of refereed citations": 9.681818181818182, "median number of refereed citations": 8.5, "normalized number of refereed citations": 30.13040488922842}, "citation stats refereed": {"number of citing papers": 139, "number of self-citations": 63, "total number of citations": 241, "average number of citations": 12.05, "median number of citations": 10.0, "normalized number of citations": 32.75536032594856, "total number of refereed citations": 212, "average number of refereed citations": 10.6, "median number of refereed citations": 9.5, "normalized number of refereed citations": 29.93040488922842}, "histograms": {"publications": {"all publications": {"2014": 1, "2015": 0, "2016": 1, "2017": 1, "2018": 2, "2019": 1, "2020": 3, "2021": 3, "2022": 8, "2023": 2}, "refereed publications": {"2014": 1, "2015": 0, "2016": 1, "2017": 1, "2018": 2, "2019": 1, "2020": 3, "2021": 3, "2022": 7, "2023": 1}, "all publications normalized": {"2014": 0.5, "2015": 0, "2016": 0.047619047619047616, "2017": 0.25, "2018": 0.5333333333333333, "2019": 0.015151515151515152, "2020": 0.5166666666666666, "2021": 0.4252450980392157, "2022": 0.8656926406926406, "2023": 0.19642857142857142}, "refereed publications normalized": {"2014": 0.5, "2015": 0, "2016": 0.047619047619047616, "2017": 0.25, "2018": 0.5333333333333333, "2019": 0.015151515151515152, "2020": 0.5166666666666666, "2021": 0.4252450980392157, "2022": 0.6656926406926406, "2023": 0.125}}, "reads": {"all reads": {"1996": 0, "1997": 0, "1998": 0, "1999": 0, "2000": 0, "2001": 0, "2002": 0, "2003": 0, "2004": 0, "2005": 0, "2006": 0, "2007": 0, "2008": 0, "2009": 0, "2010": 0, "2011": 0, "2012": 0, "2013": 0, "2014": 0, "2015": 0, "2016": 1, "2017": 0, "2018": 3, "2019": 5, "2020": 314, "2021": 500, "2022": 879, "2023": 306}, "all reads normalized": {"1996": 0.0, "1997": 0.0, "1998": 0.0, "1999": 0.0, "2000": 0.0, "2001": 0.0, "2002": 0.0, "2003": 0.0, "2004": 0.0, "2005": 0.0, "2006": 0.0, "2007": 0.0, "2008": 0.0, "2009": 0.0, "2010": 0.0, "2011": 0.0, "2012": 0.0, "2013": 0.0, "2014": 0.0, "2015": 0.0, "2016": 0.047619047619047616, "2017": 0.0, "2018": 0.6, "2019": 0.9803030303030303, "2020": 46.41818181818182, "2021": 38.44887636872931, "2022": 82.9364432136491, "2023": 27.248895467277826}, "refereed reads": {"1996": 0, "1997": 0, "1998": 0, "1999": 0, "2000": 0, "2001": 0, "2002": 0, "2003": 0, "2004": 0, "2005": 0, "2006": 0, "2007": 0, "2008": 0, "2009": 0, "2010": 0, "2011": 0, "2012": 0, "2013": 0, "2014": 0, "2015": 0, "2016": 1, "2017": 0, "2018": 3, "2019": 5, "2020": 314, "2021": 500, "2022": 857, "2023": 285}, "refereed reads normalized": {"1996": 0.0, "1997": 0.0, "1998": 0.0, "1999": 0.0, "2000": 0.0, "2001": 0.0, "2002": 0.0, "2003": 0.0, "2004": 0.0, "2005": 0.0, "2006": 0.0, "2007": 0.0, "2008": 0.0, "2009": 0.0, "2010": 0.0, "2011": 0.0, "2012": 0.0, "2013": 0.0, "2014": 0.0, "2015": 0.0, "2016": 0.047619047619047616, "2017": 0.0, "2018": 0.6, "2019": 0.9803030303030303, "2020": 46.41818181818182, "2021": 38.44887636872931, "2022": 78.5364432136491, "2023": 24.848895467277824}}, "downloads": {"all downloads": {"1996": 0, "1997": 0, "1998": 0, "1999": 0, "2000": 0, "2001": 0, "2002": 0, "2003": 0, "2004": 0, "2005": 0, "2006": 0, "2007": 0, "2008": 0, "2009": 0, "2010": 0, "2011": 0, "2012": 0, "2013": 0, "2014": 0, "2015": 0, "2016": 0, "2017": 0, "2018": 0, "2019": 0, "2020": 136, "2021": 213, "2022": 391, "2023": 141}, "all downloads normalized": {"1996": 0.0, "1997": 0.0, "1998": 0.0, "1999": 0.0, "2000": 0.0, "2001": 0.0, "2002": 0.0, "2003": 0.0, "2004": 0.0, "2005": 0.0, "2006": 0.0, "2007": 0.0, "2008": 0.0, "2009": 0.0, "2010": 0.0, "2011": 0.0, "2012": 0.0, "2013": 0.0, "2014": 0.0, "2015": 0.0, "2016": 0.0, "2017": 0.0, "2018": 0.0, "2019": 0.0, "2020": 20.413636363636364, "2021": 15.715886809269163, "2022": 36.12057868601986, "2023": 11.847905525846702}, "refereed downloads": {"1996": 0, "1997": 0, "1998": 0, "1999": 0, "2000": 0, "2001": 0, "2002": 0, "2003": 0, "2004": 0, "2005": 0, "2006": 0, "2007": 0, "2008": 0, "2009": 0, "2010": 0, "2011": 0, "2012": 0, "2013": 0, "2014": 0, "2015": 0, "2016": 0, "2017": 0, "2018": 0, "2019": 0, "2020": 136, "2021": 213, "2022": 383, "2023": 131}, "refereed downloads normalized": {"1996": 0.0, "1997": 0.0, "1998": 0.0, "1999": 0.0, "2000": 0.0, "2001": 0.0, "2002": 0.0, "2003": 0.0, "2004": 0.0, "2005": 0.0, "2006": 0.0, "2007": 0.0, "2008": 0.0, "2009": 0.0, "2010": 0.0, "2011": 0.0, "2012": 0.0, "2013": 0.0, "2014": 0.0, "2015": 0.0, "2016": 0.0, "2017": 0.0, "2018": 0.0, "2019": 0.0, "2020": 20.413636363636364, "2021": 15.715886809269163, "2022": 34.52057868601986, "2023": 10.619334097275273}}, "citations": {"refereed to refereed": {"2014": 2, "2015": 1, "2016": 0, "2017": 2, "2018": 5, "2019": 6, "2020": 15, "2021": 39, "2022": 116, "2023": 26}, "refereed to nonrefereed": {"2014": 0, "2015": 0, "2016": 0, "2017": 0, "2018": 0, "2019": 0, "2020": 0, "2021": 0, "2022": 0, "2023": 1}, "nonrefereed to refereed": {"2014": 0, "2015": 0, "2016": 0, "2017": 0, "2018": 0, "2019": 1, "2020": 1, "2021": 1, "2022": 14, "2023": 12}, "nonrefereed to nonrefereed": {"2014": 0, "2015": 0, "2016": 0, "2017": 0, "2018": 0, "2019": 0, "2020": 0, "2021": 0, "2022": 0, "2023": 0}, "refereed to refereed normalized": {"2014": 1.0, "2015": 0.5, "2016": 0, "2017": 0.5, "2018": 1.0476190476190477, "2019": 1.9976190476190476, "2020": 2.745454545454546, "2021": 5.849783549783548,