{"skipped bibcodes": [], "basic stats": {"number of papers": 28, "normalized paper count": 3.9007321110262287, "total number of reads": 3103, "average number of reads": 110.82142857142857, "median number of reads": 58.5, "recent number of reads": 403, "total number of downloads": 1326, "average number of downloads": 47.357142857142854, "median number of downloads": 23.5, "recent number of downloads": 164}, "basic stats refereed": {"number of papers": 26, "normalized paper count": 3.664620999915118, "total number of reads": 3038, "average number of reads": 116.84615384615384, "median number of reads": 62.0, "recent number of reads": 338, "total number of downloads": 1308, "average number of downloads": 50.30769230769231, "median number of downloads": 28.0, "recent number of downloads": 146}, "citation stats": {"number of citing papers": 212, "number of self-citations": 91, "self-citations": ["2023JGRD..12839343M", "2024PSJ.....5...64V", "2023GMD....16.5601S", "2021JCli...34.4567T", "2020ApJ...894...84S", "2018MWRv..146.3325S", "2021QJRMS.147..691R", "2021JCli...34.4567T", "2021JCli...34.4567T", "2021QJRMS.147..691R", "2023PSJ.....4...68C", "2023GMD....16.5601S", "2023GMD....16.5601S", "2024arXiv240219277S", "2022PSJ.....3..212S", "2023PSJ.....4...68C", "2022PSJ.....3..211T", "2023GMD....16.5601S", "2020A&A...639A..99E", "2022PSJ.....3..214S", "2024arXiv240219277S", "2021PSJ.....2..106F", "2023PSJ.....4...68C", "2022PSJ.....3..212S", "2023GMD....16..621M", "2023JGRD..12837544E", "2022ApJ...930..152C", "2022PSJ.....3..211T", "2022MNRAS.517.2383B", "2023PSJ.....4...68C", "2023GMD....16.5601S", "2022MNRAS.517.2383B", "2021JCli...34.4567T", "2024arXiv240219277S", "2024PSJ.....5...64V", "2023GMD....16.5601S", "2022PSJ.....3..261C", "2022PSJ.....3..214S", "2024arXiv240219277S", "2022PSJ.....3..212S", "2024MNRAS.529.1776Z", "2023GMD....16..621M", "2023PSJ.....4...68C", "2022PSJ.....3..211T", "2022MNRAS.517.2383B", "2023JGRD..12839343M", "2023GMD....16.5601S", "2023GMD....16.5601S", "2020A&A...639A..99E", "2020ApJ...894...84S", "2022PSJ.....3..214S", "2022PSJ.....3..212S", "2023GMD....16.5601S", "2022PSJ.....3..214S", "2023PSJ.....4...68C", "2022PSJ.....3..212S", "2022PSJ.....3..213F", "2022PSJ.....3..211T", "2024PSJ.....5...64V", "2023GMD....16.5601S", "2022PSJ.....3..261C", "2022PSJ.....3..214S", "2024arXiv240219277S", "2023PSJ.....4...68C", "2022PSJ.....3..212S", "2023GMD....16..621M", "2022PSJ.....3..213F", "2022ApJ...930..152C", "2022MNRAS.517.2383B", "2024PSJ.....5...64V", "2023GMD....16.5601S", "2023JGRD..12837544E", "2022PSJ.....3..261C", "2022PSJ.....3..214S", "2024arXiv240219277S", "2023PSJ.....4...68C", "2023JGRD..12839343M", "2023GMD....16..621M", "2022PSJ.....3..213F", "2022ApJ...930..152C", "2022PSJ.....3..211T", "2022MNRAS.517.2383B", "2023GMD....16.5601S", "2023JGRD..12837544E", "2022PSJ.....3..214S", "2024arXiv240219277S", "2021PSJ.....2..106F", "2022PSJ.....3..212S", "2023GMD....16..621M", "2023PSJ.....4...68C", "2022MNRAS.517.2383B"], "total number of citations": 399, "average number of citations": 14.25, "median number of citations": 8.5, "normalized number of citations": 50.72672205245735, "total number of refereed citations": 369, "average number of refereed citations": 13.178571428571429, "median number of refereed citations": 8.0, "normalized number of refereed citations": 47.78369938884644}, "citation stats refereed": {"number of citing papers": 212, "number of self-citations": 91, "total number of citations": 399, "average number of citations": 15.346153846153847, "median number of citations": 10.5, "normalized number of citations": 50.72672205245735, "total number of refereed citations": 369, "average number of refereed citations": 14.192307692307692, "median number of refereed citations": 10.0, "normalized number of refereed citations": 47.78369938884644}, "histograms": {"publications": {"all publications": {"2014": 1, "2015": 0, "2016": 1, "2017": 1, "2018": 2, "2019": 1, "2020": 3, "2021": 3, "2022": 7, "2023": 5, "2024": 4}, "refereed publications": {"2014": 1, "2015": 0, "2016": 1, "2017": 1, "2018": 2, "2019": 1, "2020": 3, "2021": 3, "2022": 7, "2023": 5, "2024": 2}, "all publications normalized": {"2014": 0.5, "2015": 0, "2016": 0.047619047619047616, "2017": 0.25, "2018": 0.5333333333333333, "2019": 0.015151515151515152, "2020": 0.5166666666666666, "2021": 0.4252450980392157, "2022": 0.6656926406926407, "2023": 0.5839285714285714, "2024": 0.363095238095238}, "refereed publications normalized": {"2014": 0.5, "2015": 0, "2016": 0.047619047619047616, "2017": 0.25, "2018": 0.5333333333333333, "2019": 0.015151515151515152, "2020": 0.5166666666666666, "2021": 0.4252450980392157, "2022": 0.6656926406926407, "2023": 0.5839285714285714, "2024": 0.12698412698412698}}, "reads": {"all reads": {"1996": 0, "1997": 0, "1998": 0, "1999": 0, "2000": 0, "2001": 0, "2002": 0, "2003": 0, "2004": 0, "2005": 0, "2006": 0, "2007": 0, "2008": 0, "2009": 0, "2010": 0, "2011": 0, "2012": 0, "2013": 0, "2014": 0, "2015": 0, "2016": 1, "2017": 0, "2018": 3, "2019": 5, "2020": 314, "2021": 500, "2022": 879, "2023": 998, "2024": 403}, "all reads normalized": {"1996": 0.0, "1997": 0.0, "1998": 0.0, "1999": 0.0, "2000": 0.0, "2001": 0.0, "2002": 0.0, "2003": 0.0, "2004": 0.0, "2005": 0.0, "2006": 0.0, "2007": 0.0, "2008": 0.0, "2009": 0.0, "2010": 0.0, "2011": 0.0, "2012": 0.0, "2013": 0.0, "2014": 0.0, "2015": 0.0, "2016": 0.047619047619047616, "2017": 0.0, "2018": 0.6, "2019": 0.9803030303030302, "2020": 46.41818181818182, "2021": 38.44887636872931, "2022": 82.9364432136491, "2023": 92.94262159409217, "2024": 35.82164289958407}, "refereed reads": {"1996": 0, "1997": 0, "1998": 0, "1999": 0, "2000": 0, "2001": 0, "2002": 0, "2003": 0, "2004": 0, "2005": 0, "2006": 0, "2007": 0, "2008": 0, "2009": 0, "2010": 0, "2011": 0, "2012": 0, "2013": 0, "2014": 0, "2015": 0, "2016": 1, "2017": 0, "2018": 3, "2019": 5, "2020": 314, "2021": 500, "2022": 879, "2023": 998, "2024": 338}, "refereed reads normalized": {"1996": 0.0, "1997": 0.0, "1998": 0.0, "1999": 0.0, "2000": 0.0, "2001": 0.0, "2002": 0.0, "2003": 0.0, "2004": 0.0, "2005": 0.0, "2006": 0.0, "2007": 0.0, "2008": 0.0, "2009": 0.0, "2010": 0.0, "2011": 0.0, "2012": 0.0, "2013": 0.0, "2014": 0.0, "2015": 0.0, "2016": 0.047619047619047616, "2017": 0.0, "2018": 0.6, "2019": 0.9803030303030302, "2020": 46.41818181818182, "2021": 38.44887636872931, "2022": 82.9364432136491, "2023": 92.94262159409217, "2024": 28.002198455139627}}, "downloads": {"all downloads": {"1996": 0, "1997": 0, "1998": 0, "1999": 0, "2000": 0, "2001": 0, "2002": 0, "2003": 0, "2004": 0, "2005": 0, "2006": 0, "2007": 0, "2008": 0, "2009": 0, "2010": 0, "2011": 0, "2012": 0, "2013": 0, "2014": 0, "2015": 0, "2016": 0, "2017": 0, "2018": 0, "2019": 0, "2020": 136, "2021": 213, "2022": 391, "2023": 422, "2024": 164}, "all downloads normalized": {"1996": 0.0, "1997": 0.0, "1998": 0.0, "1999": 0.0, "2000": 0.0, "2001": 0.0, "2002": 0.0, "2003": 0.0, "2004": 0.0, "2005": 0.0, "2006": 0.0, "2007": 0.0, "2008": 0.0, "2009": 0.0, "2010": 0.0, "2011": 0.0, "2012": 0.0, "2013": 0.0, "2014": 0.0, "2015": 0.0, "2016": 0.0, "2017": 0.0, "2018": 0.0, "2019": 0.0, "2020": 20.413636363636364, "2021": 15.715886809269163, "2022": 36.12057868601986, "2023": 37.77933855360326, "2024": 13.96291061879297}, "refereed downloads": {"1996": 0, "1997": 0, "1998": 0, "1999": 0, "2000": 0, "2001": 0, "2002": 0, "2003": 0, "2004": 0, "2005": 0, "2006": 0, "2007": 0, "2008": 0, "2009": 0, "2010": 0, "2011": 0, "2012": 0, "2013": 0, "2014": 0, "2015": 0, "2016": 0, "2017": 0, "2018": 0, "2019": 0, "2020": 136, "2021": 213, "2022": 391, "2023": 422, "2024": 146}, "refereed downloads normalized": {"1996": 0.0, "1997": 0.0, "1998": 0.0, "1999": 0.0, "2000": 0.0, "2001": 0.0, "2002": 0.0, "2003": 0.0, "2004": 0.0, "2005": 0.0, "2006": 0.0, "2007": 0.0, "2008": 0.0, "2009": 0.0, "2010": 0.0, "2011": 0.0, "2012": 0.0, "2013": 0.0, "2014": 0.0, "2015": 0.0, "2016": 0.0,