{"skipped bibcodes": [], "basic stats": {"number of papers": 31, "normalized paper count": 4.12674221203633, "total number of reads": 3970, "average number of reads": 128.06451612903226, "median number of reads": 102.0, "recent number of reads": 1270, "total number of downloads": 1693, "average number of downloads": 54.61290322580645, "median number of downloads": 37.0, "recent number of downloads": 531}, "basic stats refereed": {"number of papers": 29, "normalized paper count": 4.025732111026229, "total number of reads": 3734, "average number of reads": 128.75862068965517, "median number of reads": 94.0, "recent number of reads": 1034, "total number of downloads": 1576, "average number of downloads": 54.3448275862069, "median number of downloads": 35.0, "recent number of downloads": 414}, "citation stats": {"number of citing papers": 259, "number of self-citations": 103, "self-citations": ["2024ApJ...970....7S", "2022PSJ.....3..261C", "2024MNRAS.529.1776Z", "2022PSJ.....3..212S", "2024PSJ.....5...64V", "2022MNRAS.517.2383B", "2023GMD....16..621M", "2024MNRAS.529.3971M", "2024ApJ...970....7S", "2023GMD....16.5601S", "2022PSJ.....3..211T", "2022PSJ.....3..214S", "2023PSJ.....4...68C", "2024arXiv240703198K", "2022PSJ.....3..261C", "2022PSJ.....3..212S", "2024PSJ.....5...64V", "2022MNRAS.517.2383B", "2022PSJ.....3..213F", "2022ApJ...930..152C", "2023GMD....16..621M", "2024MNRAS.529.3971M", "2024ApJ...970....7S", "2023GMD....16.5601S", "2022PSJ.....3..214S", "2023PSJ.....4...68C", "2021QJRMS.147..691R", "2021JCli...34.4567T", "2024arXiv240703199P", "2023GMD....16.5601S", "2023PSJ.....4...68C", "2022MNRAS.517.2383B", "2023GMD....16.5601S", "2023PSJ.....4...68C", "2021JCli...34.4567T", "2023GMD....16.5601S", "2023JGRD..12839343M", "2024MNRAS.529.3971M", "2022PSJ.....3..212S", "2020ApJ...894...84S", "2024MNRAS.529.3971M", "2020A&A...639A..99E", "2023GMD....16.5601S", "2022PSJ.....3..214S", "2022PSJ.....3..212S", "2022PSJ.....3..213F", "2024arXiv240703198K", "2023GMD....16.5601S", "2022PSJ.....3..211T", "2022PSJ.....3..214S", "2023PSJ.....4...68C", "2022PSJ.....3..261C", "2023JGRD..12839343M", "2023JGRD..12837544E", "2024PSJ.....5...64V", "2022MNRAS.517.2383B", "2022PSJ.....3..213F", "2022ApJ...930..152C", "2023GMD....16..621M", "2024MNRAS.529.3971M", "2024ApJ...970....7S", "2023GMD....16.5601S", "2022PSJ.....3..211T", "2022PSJ.....3..214S", "2023PSJ.....4...68C", "2023JGRD..12837544E", "2022PSJ.....3..212S", "2022MNRAS.517.2383B", "2023GMD....16..621M", "2024MNRAS.529.3971M", "2021PSJ.....2..106F", "2024ApJ...970....7S", "2023GMD....16.5601S", "2022PSJ.....3..214S", "2023PSJ.....4...68C", "2024MNRAS.529.3971M", "2023JGRD..12839343M", "2024MNRAS.529.3971M", "2024PSJ.....5...64V", "2023GMD....16.5601S", "2018MWRv..146.3325S", "2021QJRMS.147..691R", "2021JCli...34.4567T", "2020ApJ...894...84S", "2021JCli...34.4567T", "2022PSJ.....3..212S", "2024MNRAS.529.3971M", "2024ApJ...970....7S", "2023GMD....16.5601S", "2022PSJ.....3..211T", "2023PSJ.....4...68C", "2022PSJ.....3..214S", "2023JGRD..12837544E", "2022PSJ.....3..212S", "2022MNRAS.517.2383B", "2022ApJ...930..152C", "2023GMD....16..621M", "2020A&A...639A..99E", "2024ApJ...970....7S", "2023GMD....16.5601S", "2022PSJ.....3..211T", "2021PSJ.....2..106F", "2023PSJ.....4...68C"], "total number of citations": 495, "average number of citations": 15.96774193548387, "median number of citations": 7.0, "normalized number of citations": 60.66873779814957, "total number of refereed citations": 451, "average number of refereed citations": 14.548387096774194, "median number of refereed citations": 7.0, "normalized number of refereed citations": 56.77677616501146}, "citation stats refereed": {"number of citing papers": 256, "number of self-citations": 102, "total number of citations": 491, "average number of citations": 16.93103448275862, "median number of citations": 10.0, "normalized number of citations": 60.466717596129364, "total number of refereed citations": 451, "average number of refereed citations": 15.551724137931034, "median number of refereed citations": 9.0, "normalized number of refereed citations": 56.77677616501146}, "histograms": {"publications": {"all publications": {"2014": 1, "2015": 0, "2016": 1, "2017": 1, "2018": 2, "2019": 1, "2020": 3, "2021": 3, "2022": 7, "2023": 5, "2024": 7}, "refereed publications": {"2014": 1, "2015": 0, "2016": 1, "2017": 1, "2018": 2, "2019": 1, "2020": 3, "2021": 3, "2022": 7, "2023": 5, "2024": 5}, "all publications normalized": {"2014": 0.5, "2015": 0, "2016": 0.047619047619047616, "2017": 0.25, "2018": 0.5333333333333333, "2019": 0.015151515151515152, "2020": 0.5166666666666666, "2021": 0.4252450980392157, "2022": 0.6656926406926407, "2023": 0.5839285714285714, "2024": 0.5891053391053391}, "refereed publications normalized": {"2014": 0.5, "2015": 0, "2016": 0.047619047619047616, "2017": 0.25, "2018": 0.5333333333333333, "2019": 0.015151515151515152, "2020": 0.5166666666666666, "2021": 0.4252450980392157, "2022": 0.6656926406926407, "2023": 0.5839285714285714, "2024": 0.4880952380952381}}, "reads": {"all reads": {"1996": 0, "1997": 0, "1998": 0, "1999": 0, "2000": 0, "2001": 0, "2002": 0, "2003": 0, "2004": 0, "2005": 0, "2006": 0, "2007": 0, "2008": 0, "2009": 0, "2010": 0, "2011": 0, "2012": 0, "2013": 0, "2014": 0, "2015": 0, "2016": 1, "2017": 0, "2018": 3, "2019": 5, "2020": 314, "2021": 500, "2022": 879, "2023": 998, "2024": 1270}, "all reads normalized": {"1996": 0.0, "1997": 0.0, "1998": 0.0, "1999": 0.0, "2000": 0.0, "2001": 0.0, "2002": 0.0, "2003": 0.0, "2004": 0.0, "2005": 0.0, "2006": 0.0, "2007": 0.0, "2008": 0.0, "2009": 0.0, "2010": 0.0, "2011": 0.0, "2012": 0.0, "2013": 0.0, "2014": 0.0, "2015": 0.0, "2016": 0.047619047619047616, "2017": 0.0, "2018": 0.6, "2019": 0.9803030303030303, "2020": 46.41818181818182, "2021": 38.44887636872931, "2022": 82.93644321364911, "2023": 92.94262159409219, "2024": 107.21977866904336}, "refereed reads": {"1996": 0, "1997": 0, "1998": 0, "1999": 0, "2000": 0, "2001": 0, "2002": 0, "2003": 0, "2004": 0, "2005": 0, "2006": 0, "2007": 0, "2008": 0, "2009": 0, "2010": 0, "2011": 0, "2012": 0, "2013": 0, "2014": 0, "2015": 0, "2016": 1, "2017": 0, "2018": 3, "2019": 5, "2020": 314, "2021": 500, "2022": 879, "2023": 998, "2024": 1034}, "refereed reads normalized": {"1996": 0.0, "1997": 0.0, "1998": 0.0, "1999": 0.0, "2000": 0.0, "2001": 0.0, "2002": 0.0, "2003": 0.0, "2004": 0.0, "2005": 0.0, "2006": 0.0, "2007": 0.0, "2008": 0.0, "2009": 0.0, "2010": 0.0, "2011": 0.0, "2012": 0.0, "2013": 0.0, "2014": 0.0, "2015": 0.0, "2016": 0.047619047619047616, "2017": 0.0, "2018": 0.6, "2019": 0.9803030303030303, "2020": 46.41818181818182, "2021": 38.44887636872931, "2022": 82.93644321364911, "2023": 92.94262159409219, "2024": 95.43189988116458}}, "downloads": {"all downloads": {"1996": 0, "1997": 0, "1998": 0, "1999": 0, "2000": 0, "2001": 0, "2002": 0, "2003": 0, "2004": 0, "2005": 0, "2006": 0, "2007": 0, "2008": 0, "2009": 0, "2010": 0, "2011": 0, "2012": 0, "2013": 0, "2014": 0, "2015": 0, "2016": 0, "2017": 0, "2018": 0, "2019": 0, "2020": 136, "2021": 213, "2022": 391, "2023": 422, "2024": 531}, "all downloads normalized": {"1996": 0.0, "1997": 0.0, "1998": 0.0, "1999": 0.0, "2000": 0.0, "2001": 0.0, "2002": 0.0, "2003": 0.0, "2004": 0.0, "2005": 0.0, "2006": 0.0, "2007": 0.0, "2008": 0.0, "2009": 0.0, "2010": 0.0, "2011": 0.0, "2012": 0.0, "2013": 0.0, "2014": 0.0, "2015": 0.0, "2016": 0.0, "2017": 0.0, "2018": 0.0, "2019": 0.0, "2020": 20.413636363636364, "2021": 15.715886809269165, "2022": 36.12057868601986, "2023": 37.77933855360327, "2024": 42.3514122315593}, "refereed downloads": {"1996": 0, "1997": 0, "1998": 0, "1999": 0, "2000": 0, "2001": 0, "2002": 0, "2003": 0, "2004": 0, "2005": 0, "2006": 0, "2007": 0, "2008": 0, "2009": 0, "2010": 0, "2011": 0, "2012": 0, "2013": 0, "2014": 0, "2015": 0, "2016": 0, "2017": 0, "2018": 0, "2019": 0, "2020": 136, "2021": 213, "2022": 391, "2023": 422, "2024": 414},