{"skipped bibcodes": [], "basic stats": {"number of papers": 37, "normalized paper count": 4.568399588476314, "total number of reads": 6763, "average number of reads": 182.78378378378378, "median number of reads": 155.0, "recent number of reads": 73, "total number of downloads": 2974, "average number of downloads": 80.37837837837837, "median number of downloads": 51.0, "recent number of downloads": 29}, "basic stats refereed": {"number of papers": 36, "normalized paper count": 4.529938050014776, "total number of reads": 6727, "average number of reads": 186.86111111111111, "median number of reads": 158.0, "recent number of reads": 69, "total number of downloads": 2958, "average number of downloads": 82.16666666666667, "median number of downloads": 55.0, "recent number of downloads": 26}, "citation stats": {"number of citing papers": 393, "number of self-citations": 143, "self-citations": ["2022PSJ.....3..211T", "2025MNRAS.542.1873M", "2023GMD....16.5601S", "2025MNRAS.541.3155S", "2024MNRAS.529.3971M", "2024ApJ...970....7S", "2023PSJ.....4...68C", "2022PSJ.....3..212S", "2020A&A...639A..99E", "2021PSJ.....2..106F", "2022PSJ.....3..211T", "2023GMD....16..621M", "2023GMD....16.5601S", "2025MNRAS.541.3155S", "2022PSJ.....3..214S", "2024ApJ...970....7S", "2023PSJ.....4...68C", "2022ApJ...930..152C", "2023JGRD..12837544E", "2022MNRAS.517.2383B", "2022PSJ.....3..212S", "2025arXiv251116142L", "2025MNRAS.541.3155S", "2025MNRAS.542.1873M", "2024ApJ...970....7S", "2024PSJ.....5...64V", "2025arXiv251116142L", "2022PSJ.....3..211T", "2023GMD....16..621M", "2022PSJ.....3..261C", "2023GMD....16.5601S", "2024MNRAS.529.3971M", "2022PSJ.....3..214S", "2024ApJ...970....7S", "2024MNRAS.529.1776Z", "2023PSJ.....4...68C", "2022MNRAS.517.2383B", "2022PSJ.....3..212S", "2024RASTI...3..691K", "2025MNRAS.542.1873M", "2025MNRAS.541.3155S", "2025MNRAS.543.2442A", "2025MNRAS.537.3027K", "2024PSJ.....5...64V", "2025arXiv251116142L", "2023GMD....16..621M", "2022PSJ.....3..261C", "2023GMD....16.5601S", "2025MNRAS.541.3155S", "2024MNRAS.529.3971M", "2022PSJ.....3..214S", "2024ApJ...970....7S", "2023PSJ.....4...68C", "2022PSJ.....3..213F", "2022ApJ...930..152C", "2022MNRAS.517.2383B", "2022PSJ.....3..212S", "2025MNRAS.543.2442A", "2025MNRAS.537.3027K", "2025MNRAS.539.1381M", "2025MNRAS.541.3155S", "2021QJRMS.147..691R", "2021JCli...34.4567T", "2025MNRAS.543.2442A", "2023GMD....16.5601S", "2025MNRAS.541.3155S", "2023PSJ.....4...68C", "2023GMD....16.5601S", "2025MNRAS.541.3155S", "2022MNRAS.517.2383B", "2023PSJ.....4...68C", "2021JCli...34.4567T", "2025MNRAS.542.1873M", "2023GMD....16.5601S", "2025MNRAS.541.3155S", "2024MNRAS.529.3971M", "2023JGRD..12839343M", "2023GMD....16.5601S", "2025MNRAS.541.3155S", "2024MNRAS.529.3971M", "2022PSJ.....3..214S", "2020A&A...639A..99E", "2020ApJ...894...84S", "2022PSJ.....3..212S", "2025arXiv251116142L", "2022PSJ.....3..211T", "2024RASTI...3..691K", "2023GMD....16.5601S", "2022PSJ.....3..214S", "2023PSJ.....4...68C", "2022PSJ.....3..213F", "2022PSJ.....3..212S", "2024PSJ.....5...64V", "2025arXiv251116142L", "2022PSJ.....3..211T", "2023GMD....16..621M", "2022PSJ.....3..261C", "2023GMD....16.5601S", "2025MNRAS.541.3155S", "2024MNRAS.529.3971M", "2022PSJ.....3..214S", "2024ApJ...970....7S", "2023PSJ.....4...68C", "2022PSJ.....3..213F", "2022ApJ...930..152C", "2023JGRD..12837544E", "2023JGRD..12839343M", "2022MNRAS.517.2383B", "2025MNRAS.543.2442A", "2025MNRAS.537.3027K", "2025MNRAS.539.1381M", "2024MNRAS.535..171P", "2021PSJ.....2..106F", "2023GMD....16..621M", "2023GMD....16.5601S", "2025MNRAS.541.3155S", "2024MNRAS.529.3971M", "2022PSJ.....3..214S", "2024ApJ...970....7S", "2023PSJ.....4...68C", "2023JGRD..12837544E", "2022MNRAS.517.2383B", "2022PSJ.....3..212S", "2025MNRAS.541.3155S", "2025MNRAS.543.2442A", "2025MNRAS.539.1381M", "2025MNRAS.542.1873M", "2025MNRAS.541.3155S", "2024MNRAS.529.3971M", "2025MNRAS.542.1873M", "2025MNRAS.541.3155S", "2023JGRD..12839343M", "2024MNRAS.529.3971M", "2025MNRAS.542.1873M", "2025MNRAS.541.3155S", "2024PSJ.....5...64V", "2023GMD....16.5601S", "2025arXiv251116142L", "2018MWRv..146.3325S", "2020ApJ...894...84S", "2021QJRMS.147..691R", "2021JCli...34.4567T", "2021JCli...34.4567T"], "total number of citations": 759, "average number of citations": 20.513513513513512, "median number of citations": 14.0, "normalized number of citations": 85.60588478727864, "total number of refereed citations": 697, "average number of refereed citations": 18.83783783783784, "median number of refereed citations": 13.0, "normalized number of refereed citations": 80.61084343689842}, "citation stats refereed": {"number of citing papers": 393, "number of self-citations": 143, "total number of citations": 759, "average number of citations": 21.083333333333332, "median number of citations": 14.5, "normalized number of citations": 85.60588478727864, "total number of refereed citations": 697, "average number of refereed citations": 19.36111111111111, "median number of refereed citations": 14.0, "normalized number of refereed citations": 80.61084343689842}, "histograms": {"publications": {"all publications": {"2014": 1, "2015": 0, "2016": 1, "2017": 1, "2018": 2, "2019": 1, "2020": 3, "2021": 3, "2022": 7, "2023": 5, "2024": 7, "2025": 6, "2026": 0}, "refereed publications": {"2014": 1, "2015": 0, "2016": 1, "2017": 1, "2018": 2, "2019": 1, "2020": 3, "2021": 3, "2022": 7, "2023": 5, "2024": 7, "2025": 5, "2026": 0}, "all publications normalized": {"2014": 0.5, "2015": 0, "2016": 0.047619047619047616, "2017": 0.25, "2018": 0.5333333333333333, "2019": 0.015151515151515152, "2020": 0.5166666666666666, "2021": 0.4252450980392157, "2022": 0.6656926406926407, "2023": 0.5839285714285714, "2024": 0.5871290545203589, "2025": 0.44363366102496526, "2026": 0}, "refereed publications normalized": {"2014": 0.5, "2015": 0, "2016": 0.047619047619047616, "2017": 0.25, "2018": 0.5333333333333333, "2019": 0.015151515151515152, "2020": 0.5166666666666666, "2021": 0.4252450980392157, "2022": 0.6656926406926407, "2023": 0.5839285714285714, "2024": 0.5871290545203589, "2025": 0.40517212256342683, "2026": 0}}, "reads": {"all reads": {"1996": 0, "1997": 0, "1998": 0, "1999": 0, "2000": 0, "2001": 0, "2002": 0, "2003": 0, "2004": 0, "2005": 0, "2006": 0, "2007": 0, "2008": 0, "2009": 0, "2010": 0, "2011": 0, "2012": 0, "2013": 0, "2014": 0, "2015": 0, "2016": 1, "2017": 0, "2018": 3, "2019": 5, "2020": 314, "2021": 500, "2022": 879, "2023": 998, "2024": 1752, "2025": 2238, "2026": 73}, "all reads normalized": {"1996": 0.0, "1997": 0.0, "1998": 0.0, "1999": 0.0, "2000": 0.0, "2001": 0.0, "2002": 0.0, "2003": 0.0, "2004": 0.0, "2005": 0.0, "2006": 0.0, "2007": 0.0, "2008": 0.0, "2009": 0.0, "2010": 0.0, "2011": 0.0, "2012": 0.0, "2013": 0.0, "2014": 0.0, "2015": 0.0, "2016": 0.047619047619047616, "2017": 0.0, "2018": 0.6, "2019": 0.9803030303030302, "2020": 46.418181818181814, "2021": 38.44887636872931, "2022": 82.93644321364911, "2023": 92.94262159409217, "2024": 136.46885569673296, "2025": 159.18890887458662, "2026": 5.413519323813441}, "refereed reads": {"1996": 0, "1997": 0, "1998": 0, "1999": 0, "2000": 0, "2001": 0, "2002": 0, "2003": 0, "2004": 0, "2005": 0, "2006": 0, "2007": 0, "2008": 0, "2009": 0, "2010": 0, "2011": 0, "2012": 0, "2013": 0, "2014": 0, "2015": 0, "2016": 1, "2017": 0, "2018": 3, "2019": 5, "2020": 314, "2021": 500, "2022": 879, "2023": 998, "2024": 1752, "2025": 2206, "2026": 69}, "refereed reads normalized": {"1996": 0.0, "1997": 0.0, "1998": 0.0, "1999": 0.0, "2000": 0.0, "2001": 0.0, "2002": 0.0, "2003": 0.0, "2004": 0.0, "2005": 0.0, "2006": 0.0, "2007": 0.0, "2008": 0.0, "2009": 0.0, "2010": 0.0, "2011": 0.0, "2012": 0.0, "2013": 0.0, "2014": 0.0, "2015": 0.0, "2016": 0.047619047619047616, "2017": 0.0, "2018": 0.6, "2019": 0.9803030303030302, "2020": 46.418181818181814, "2021": 38.44887636872931, "2022": 82.93644321364911, "2023": 92.94262159409217, "2024": 136.46885569673296, "2025": 157.9581396438174, "2026": 5.259673169967287}},