{"skipped bibcodes": [], "basic stats": {"number of papers": 32, "normalized paper count": 4.163227465912888, "total number of reads": 4425, "average number of reads": 138.28125, "median number of reads": 103.5, "recent number of reads": 1725, "total number of downloads": 1923, "average number of downloads": 60.09375, "median number of downloads": 42.5, "recent number of downloads": 761}, "basic stats refereed": {"number of papers": 31, "normalized paper count": 4.1247659274513495, "total number of reads": 4328, "average number of reads": 139.61290322580646, "median number of reads": 107.0, "recent number of reads": 1628, "total number of downloads": 1867, "average number of downloads": 60.225806451612904, "median number of downloads": 40.0, "recent number of downloads": 705}, "citation stats": {"number of citing papers": 268, "number of self-citations": 102, "self-citations": ["2024ApJ...970....7S", "2022MNRAS.517.2383B", "2024MNRAS.529.3971M", "2023GMD....16..621M", "2024ApJ...970....7S", "2024PSJ.....5...64V", "2023GMD....16.5601S", "2023PSJ.....4...68C", "2024MNRAS.529.1776Z", "2022PSJ.....3..261C", "2022PSJ.....3..211T", "2022PSJ.....3..214S", "2022PSJ.....3..212S", "2024RASTI...3..691K", "2022MNRAS.517.2383B", "2024MNRAS.529.3971M", "2023GMD....16..621M", "2024ApJ...970....7S", "2024PSJ.....5...64V", "2023GMD....16.5601S", "2022PSJ.....3..213F", "2023PSJ.....4...68C", "2022ApJ...930..152C", "2022PSJ.....3..261C", "2022PSJ.....3..214S", "2022PSJ.....3..212S", "2021JCli...34.4567T", "2021QJRMS.147..691R", "2023GMD....16.5601S", "2023PSJ.....4...68C", "2022MNRAS.517.2383B", "2023GMD....16.5601S", "2023PSJ.....4...68C", "2021JCli...34.4567T", "2023GMD....16.5601S", "2024MNRAS.529.3971M", "2023JGRD..12839343M", "2024MNRAS.529.3971M", "2023GMD....16.5601S", "2020A&A...639A..99E", "2022PSJ.....3..214S", "2022PSJ.....3..212S", "2020ApJ...894...84S", "2024RASTI...3..691K", "2023GMD....16.5601S", "2022PSJ.....3..213F", "2023PSJ.....4...68C", "2022PSJ.....3..211T", "2022PSJ.....3..214S", "2022PSJ.....3..212S", "2022MNRAS.517.2383B", "2024MNRAS.529.3971M", "2023GMD....16..621M", "2024ApJ...970....7S", "2024PSJ.....5...64V", "2023GMD....16.5601S", "2022PSJ.....3..213F", "2023PSJ.....4...68C", "2023JGRD..12837544E", "2023JGRD..12839343M", "2022ApJ...930..152C", "2022PSJ.....3..261C", "2022PSJ.....3..211T", "2022PSJ.....3..214S", "2022MNRAS.517.2383B", "2024MNRAS.529.3971M", "2023GMD....16..621M", "2024ApJ...970....7S", "2021PSJ.....2..106F", "2023GMD....16.5601S", "2023PSJ.....4...68C", "2023JGRD..12837544E", "2022PSJ.....3..214S", "2022PSJ.....3..212S", "2024MNRAS.529.3971M", "2024MNRAS.529.3971M", "2023JGRD..12839343M", "2023GMD....16.5601S", "2024PSJ.....5...64V", "2021JCli...34.4567T", "2018MWRv..146.3325S", "2021QJRMS.147..691R", "2020ApJ...894...84S", "2021JCli...34.4567T", "2024MNRAS.529.3971M", "2024ApJ...970....7S", "2023GMD....16.5601S", "2023PSJ.....4...68C", "2022PSJ.....3..211T", "2022PSJ.....3..212S", "2022MNRAS.517.2383B", "2023GMD....16..621M", "2024ApJ...970....7S", "2021PSJ.....2..106F", "2023GMD....16.5601S", "2023PSJ.....4...68C", "2020A&A...639A..99E", "2023JGRD..12837544E", "2022ApJ...930..152C", "2022PSJ.....3..211T", "2022PSJ.....3..214S", "2022PSJ.....3..212S"], "total number of citations": 515, "average number of citations": 16.09375, "median number of citations": 7.0, "normalized number of citations": 62.610680992778185, "total number of refereed citations": 466, "average number of refereed citations": 14.5625, "median number of refereed citations": 7.0, "normalized number of refereed citations": 57.68879976232918}, "citation stats refereed": {"number of citing papers": 267, "number of self-citations": 102, "total number of citations": 514, "average number of citations": 16.580645161290324, "median number of citations": 7.0, "normalized number of citations": 62.572219454316645, "total number of refereed citations": 466, "average number of refereed citations": 15.03225806451613, "median number of refereed citations": 7.0, "normalized number of refereed citations": 57.68879976232918}, "histograms": {"publications": {"all publications": {"2014": 1, "2015": 0, "2016": 1, "2017": 1, "2018": 2, "2019": 1, "2020": 3, "2021": 3, "2022": 7, "2023": 5, "2024": 8}, "refereed publications": {"2014": 1, "2015": 0, "2016": 1, "2017": 1, "2018": 2, "2019": 1, "2020": 3, "2021": 3, "2022": 7, "2023": 5, "2024": 7}, "all publications normalized": {"2014": 0.5, "2015": 0, "2016": 0.047619047619047616, "2017": 0.25, "2018": 0.5333333333333333, "2019": 0.015151515151515152, "2020": 0.5166666666666666, "2021": 0.4252450980392157, "2022": 0.6656926406926407, "2023": 0.5839285714285714, "2024": 0.6255905929818972}, "refereed publications normalized": {"2014": 0.5, "2015": 0, "2016": 0.047619047619047616, "2017": 0.25, "2018": 0.5333333333333333, "2019": 0.015151515151515152, "2020": 0.5166666666666666, "2021": 0.4252450980392157, "2022": 0.6656926406926407, "2023": 0.5839285714285714, "2024": 0.5871290545203589}}, "reads": {"all reads": {"1996": 0, "1997": 0, "1998": 0, "1999": 0, "2000": 0, "2001": 0, "2002": 0, "2003": 0, "2004": 0, "2005": 0, "2006": 0, "2007": 0, "2008": 0, "2009": 0, "2010": 0, "2011": 0, "2012": 0, "2013": 0, "2014": 0, "2015": 0, "2016": 1, "2017": 0, "2018": 3, "2019": 5, "2020": 314, "2021": 500, "2022": 879, "2023": 998, "2024": 1725}, "all reads normalized": {"1996": 0.0, "1997": 0.0, "1998": 0.0, "1999": 0.0, "2000": 0.0, "2001": 0.0, "2002": 0.0, "2003": 0.0, "2004": 0.0, "2005": 0.0, "2006": 0.0, "2007": 0.0, "2008": 0.0, "2009": 0.0, "2010": 0.0, "2011": 0.0, "2012": 0.0, "2013": 0.0, "2014": 0.0, "2015": 0.0, "2016": 0.047619047619047616, "2017": 0.0, "2018": 0.6, "2019": 0.9803030303030303, "2020": 46.41818181818182, "2021": 38.44887636872931, "2022": 82.93644321364911, "2023": 92.94262159409219, "2024": 134.77389329198795}, "refereed reads": {"1996": 0, "1997": 0, "1998": 0, "1999": 0, "2000": 0, "2001": 0, "2002": 0, "2003": 0, "2004": 0, "2005": 0, "2006": 0, "2007": 0, "2008": 0, "2009": 0, "2010": 0, "2011": 0, "2012": 0, "2013": 0, "2014": 0, "2015": 0, "2016": 1, "2017": 0, "2018": 3, "2019": 5, "2020": 314, "2021": 500, "2022": 879, "2023": 998, "2024": 1628}, "refereed reads normalized": {"1996": 0.0, "1997": 0.0, "1998": 0.0, "1999": 0.0, "2000": 0.0, "2001": 0.0, "2002": 0.0, "2003": 0.0, "2004": 0.0, "2005": 0.0, "2006": 0.0, "2007": 0.0, "2008": 0.0, "2009": 0.0, "2010": 0.0, "2011": 0.0, "2012": 0.0, "2013": 0.0, "2014": 0.0, "2015": 0.0, "2016": 0.047619047619047616, "2017": 0.0, "2018": 0.6, "2019": 0.9803030303030303, "2020": 46.41818181818182, "2021": 38.44887636872931, "2022": 82.93644321364911, "2023": 92.94262159409219, "2024": 131.04312406121872}}, "downloads": {"all downloads": {"1996": 0, "1997": 0, "1998": 0, "1999": 0, "2000": 0, "2001": 0, "2002": 0, "2003": 0, "2004": 0, "2005": 0, "2006": 0, "2007": 0, "2008": 0, "2009": 0, "2010": 0, "2011": 0, "2012": 0, "2013": 0, "2014": 0, "2015": 0, "2016": 0, "2017": 0, "2018": 0, "2019": 0, "2020": 136, "2021": 213, "2022": 391, "2023": 422, "2024": 761}, "all downloads normalized": {"1996": 0.0, "1997": 0.0, "1998": 0.0, "1999": 0.0, "2000": 0.0, "2001": 0.0, "2002": 0.0, "2003": 0.0, "2004": 0.0, "2005": 0.0, "2006": 0.0, "2007": 0.0, "2008": 0.0, "2009": 0.0, "2010": 0.0, "2011": 0.0, "2012": 0.0, "2013": 0.0, "2014": 0.0, "2015": 0.0, "2016": 0.0, "2017": 0.0, "2018": 0.0, "2019": 0.0, "2020": 20.413636363636364, "2021": 15.715886809269165, "2022": 36.12057868601986, "2023": 37.77933855360327, "2024": 55.330867001711}, "refereed downloads": {"1996": 0, "1997": 0, "1998": 0, "1999": 0, "2000": 0, "2001": 0, "2002": 0, "2003": 0, "2004": 0, "2005": 0, "2006": 0, "2007": 0, "2008": 0, "2009": 0, "2010": 0, "2011": 0, "2012": 0, "2013": 0, "2014": 0, "2015": 0, "2016": 0, "2017": 0, "2018": 0, "2019": 0, "2020": 136, "2021": 213, "2022": 391, "2023": 422, "2024": 705}, "refereed downloads normalized": {"1996": 0.0, "1997": 0.0, "1998": 0.0,